"CNPJ/CPF do Sancionado";"Nome";"UF do sancionado";"Tipo da Sanção";"Data Inicial da Sanção";"Data Final da Sanção";"Nome do Órgão Sancionador";"Valor da Multa";
"07.566.994/0001-57";"2 lpm center comercio e distribuidora ltda epp";"RJ";"Publicação Extraordinária - Lei 12.846/13";"25/07/2017";"Sem informação";"Prefeitura Municipal de Macaé - RJ";"0,00";
"00.715.160/0001-17";"a & a comunicacao ltda - me";"SP";"Publicação Extraordinária - Lei 12.846/13";"23/04/2019";"Sem informação";"Controladoria-Geral do Município de São Paulo - SP";"0,00";
"18.480.800/0001-12";"a. l. raposo engenharia e manutencao ltda";"RJ";"Multa - Lei 12.846/13";"10/10/2019";"Sem informação";"PREFEITURA MUNICIPAL DE RIO DAS OSTRAS - RJ";"72.556,84";
"14.100.924/0001-74";"abreu & abreu servicos eireli me";"SC";"Multa - Lei 12.846/13";"20/12/2019";"Sem informação";"PREFEITURA MUNICIPAL DE CAPINZAL - SC";"44.503,81";
"09.559.087/0001-06";"albanq servicos e locacao de equipamentos";"RJ";"Multa - Lei 12.846/13";"22/01/2020";"Sem informação";"PREFEITURA MUNICIPAL DE RIO DAS OSTRAS - RJ";"192.966,45";
"13.540.305/0001-38";"aliles monteiro vieira - me";"ES";"Multa - Lei 12.846/13";"19/04/2018";"Sem informação";"Governo do Estado do Espírito Santo (SECONT - Secretaria de Estado de Controle e Transparência)";"8.172,00";
"19.823.999/0001-05";"alimentare servicos de restaurante e lanchonete ltda.";"PR";"Multa - Lei 12.846/13";"15/08/2016";"Sem informação";"EMPRESA BRASILEIRA DE INFRA-ESTRUTURA AEROPORTUÁRIA";"77.556,77";
"23.129.842/0001-43";"almir da silva santos 04837346405";"PE";"Multa - Lei 12.846/13";"19/06/2019";"Sem informação";"Prefeitura Municipal de São Lourenço da Mata -PE";"6.000,00";
"23.129.842/0001-43";"almir da silva santos 04837346405";"PE";"Multa - Lei 12.846/13";"11/06/2019";"Sem informação";"Prefeitura Municipal de São Lourenço da Mata -PE";"6.000,00";
"10.786.518/0001-56";"art audio, video, projecoes & informatica ltda - me";"SP";"Multa - Lei 12.846/13";"26/09/2019";"Sem informação";"Ministério da Justiça e Segurança Pública";"45.258,08";
"10.786.518/0001-56";"art audio, video, projecoes & informatica ltda - me";"SP";"Publicação Extraordinária - Lei 12.846/13";"26/09/2019";"Sem informação";"Ministério da Justiça e Segurança Pública";"0,00";
"04.977.561/0001-04";"art som e iluminacao ltda-me";"ES";"Multa - Lei 12.846/13";"10/12/2018";"Sem informação";"Prefeitura Municipal Vitória (ES)";"6.764,19";
"04.977.561/0001-04";"art som e iluminacao ltda-me";"ES";"Publicação Extraordinária - Lei 12.846/13";"10/12/2018";"Sem informação";"Prefeitura Municipal Vitória (ES)";"0,00";
"14.989.665/0001-84";"barbosa & silva construcos ltda";"MG";"Multa - Lei 12.846/13";"29/08/2017";"Sem informação";"Governo do Estado do Espírito Santo (SECONT - Secretaria de Estado de Controle e Transparência)";"33.686,60";
"15.657.176/0001-98";"beca cine video e eventos artisticos eireli";"SP";"Publicação Extraordinária - Lei 12.846/13";"17/04/2018";"Sem informação";"Controladoria-Geral do Município de São Paulo - SP";"0,00";
"15.657.176/0001-98";"beca cine video e eventos artisticos eireli";"SP";"Multa - Lei 12.846/13";"17/04/2018";"Sem informação";"Controladoria-Geral do Município de São Paulo - SP";"50.000,00";
"14.534.916/0001-36";"blunac distribuidora eireli me";"SC";"Multa - Lei 12.846/13";"18/09/2019";"18/09/2024";"PREFEITURA MUNICIPAL DE LAJEADO - RS";"710,57";
"11.753.865/0001-45";"brasfitness comercio de artigos esportivos";"DF";"Multa - Lei 12.846/13";"11/10/2017";"Sem informação";"CONTROLADORIA  GERAL DO ESTADO DE MINAS GERAIS - MG";"608.016,54";
"11.753.865/0001-45";"brasfitness comercio de artigos esportivos";"DF";"Publicação Extraordinária - Lei 12.846/13";"11/10/2017";"Sem informação";"CONTROLADORIA  GERAL DO ESTADO DE MINAS GERAIS - MG";"0,00";
"***.720.748-**";"bruno soares bernardo";"SP";"Publicação Extraordinária - Lei 12.846/13";"19/10/2018";"Sem informação";"Controladoria-Geral do Município de São Paulo - SP";"0,00";
"***.720.748-**";"bruno soares bernardo";"SP";"Multa - Lei 12.846/13";"19/10/2018";"Sem informação";"Controladoria-Geral do Município de São Paulo - SP";"180.000,00";
"18.203.175/0001-61";"c. b. braga servico e comercio de papelaria me";"RJ";"Multa - Lei 12.846/13";"15/04/2019";"Sem informação";"PREFEITURA MUNICIPAL DE RIO DAS OSTRAS - RJ";"796,59";
"18.203.175/0001-61";"c.b. braga servico e comercio de artigo de papelaria me";"RJ";"Multa - Lei 12.846/13";"18/12/2018";"Sem informação";"PREFEITURA MUNICIPAL DE RIO DAS OSTRAS - RJ";"2.118,64";
"19.179.828/0001-87";"caribole eventos, pesquisa e transportes ltda. - me";"SP";"Publicação Extraordinária - Lei 12.846/13";"08/02/2019";"Sem informação";"Controladoria-Geral do Município de São Paulo - SP";"0,00";
"19.179.828/0001-87";"caribole eventos, pesquisas e transportes ltda. - me";"SP";"Multa - Lei 12.846/13";"08/02/2019";"Sem informação";"Controladoria-Geral do Município de São Paulo - SP";"150.000,00";
"***.334.449-**";"carlos arturo mallorquin junior    ";"Sem Informação";"Multa - Lei 12.846/13";"18/02/2020";"Sem informação";"BANCO DO BRASIL S.A.";"6.000,00";
"09.153.310/0001-10";"centro de formacao de condutores miranda ltda - me";"ES";"Multa - Lei 12.846/13";"19/09/2018";"Sem informação";"Governo do Estado do Espírito Santo (SECONT - Secretaria de Estado de Controle e Transparência)";"18.219,70";
"21.504.073/0001-90";"centro de formacao de condutores serracar laranjeiras ltda";"ES";"Multa - Lei 12.846/13";"19/09/2018";"Sem informação";"Governo do Estado do Espírito Santo (SECONT - Secretaria de Estado de Controle e Transparência)";"18.219,70";
"03.477.339/0001-71";"cesar vinicius moleiro ribas & cia ltda - me";"MS";"Proibição - Lei 12.846/13";"17/10/2019";"16/10/2020";"Ministério Público da União (MPU)";"0,00";
"69.154.623/0001-15";"claudinei camargo zechi sertaozinho me";"SP";"Proibição - Lei 12.846/13";"03/12/2019";"03/12/2022";"MUNICIPIO DE PONTAL";"0,00";
"08.143.105/0001-01";"comercio de materiais para construcao marigu ltda-me";"SP";"Suspensão/Interdição das atividades - Lei 12.846/13";"12/09/2019";"Sem informação";"Justiça do Estado de São Paulo";"0,00";
"14.386.616/0001-57";"confraria andre ltda. - me";"PR";"Multa - Lei 12.846/13";"15/08/2016";"Sem informação";"Empresa Brasileira de Infra-Estrutura Aeroportuária - INFRAERO";"61.831,81";
"03.821.415/0001-14";"construmat ltda ";"MG";"Multa - Lei 12.846/13";"05/09/2018";"Sem informação";"PREFEITURA MUNICIPAL DE SANTA BARBARA - MG";"21.204,00";
"18.272.480/0001-05";"construtora madema - eireli ";"MG";"Multa - Lei 12.846/13";"05/09/2018";"Sem informação";"PREFEITURA MUNICIPAL DE SANTA BARBARA - MG";"21.052,52";
"19.426.827/0001-90";"construtora millenium ltda - epp";"PB";"Suspensão/Interdição das atividades - Lei 12.846/13";"24/05/2019";"Sem informação";"Justiça Federal da Paraíba";"0,00";
"07.994.516/0001-48";"d & d empreendimentos comerciais eireli - me ";"MG";"Multa - Lei 12.846/13";"31/05/2019";"Sem informação";"PREFEITURA MUNICIPAL DE SANTA BARBARA - MG";"6.683,78";
"14.838.591/0001-85";"daniela isidoro de paula me";"SP";"Publicação Extraordinária - Lei 12.846/13";"09/05/2019";"Sem informação";"Controladoria-Geral do Município de São Paulo - SP";"0,00";
"14.838.591/0001-85";"daniela isidoro de paula me";"SP";"Multa - Lei 12.846/13";"09/05/2019";"Sem informação";"Controladoria-Geral do Município de São Paulo - SP";"40.000,00";
"04.231.732/0001-43";"dbr distribuidora de acessorios automotivos ltda";"MG";"Multa - Lei 12.846/13";"07/04/2020";"07/04/2025";"BANCO DO BRASIL S.A.";"65.488,00";
"04.231.732/0001-43";"dbr distribuidora de acessorios automotivos ltda";"MG";"Publicação Extraordinária - Lei 12.846/13";"07/04/2020";"07/04/2025";"BANCO DO BRASIL S.A.";"0,00";
"22.492.920/0001-07";"dbr parts comercio varejista de acessorios para veiculos eireli";"MG";"Multa - Lei 12.846/13";"07/04/2020";"07/04/2025";"BANCO DO BRASIL S.A.";"148.435,09";
"22.492.920/0001-07";"dbr parts comercio varejista de acessorios para veiculos eireli";"MG";"Publicação Extraordinária - Lei 12.846/13";"07/04/2020";"07/04/2025";"BANCO DO BRASIL S.A.";"0,00";
"06.152.563/0001-81";"drogaria pedro e pinheiro ltda. - me - drogaria sao pedro";"GO";"Suspensão/Interdição das atividades - Lei 12.846/13";"03/10/2019";"02/10/2020";"Ministério Público da União (MPU)";"0,00";
"17.846.708/0001-60";"embramar comercio e servicos em geral ltda.";"DF";"Multa - Lei 12.846/13";"27/09/2019";"27/09/2020";"EMPRESA BRASILEIRA DE CORREIOS E TELÉGRAFOS";"8.029,51";
"17.846.708/0001-60";"embramar comercio e servicos em geral ltda.";"DF";"Publicação Extraordinária - Lei 12.846/13";"27/09/2019";"27/09/2020";"EMPRESA BRASILEIRA DE CORREIOS E TELÉGRAFOS";"0,00";
"15.329.604/0001-53";"emn construcoes e locacoes ltda";"PB";"Suspensão/Interdição das atividades - Lei 12.846/13";"24/05/2019";"Sem informação";"Justiça Federal da Paraíba";"0,00";
"10.585.153/0001-00";"empreiteira gusmao ltda";"MG";"Multa - Lei 12.846/13";"20/08/2019";"Sem informação";"CONTROLADORIA  GERAL DO ESTADO DE MINAS GERAIS - MG";"6.000,00";
"24.553.849/0001-50";"estafe comercio e servicos eireli";"ES";"Multa - Lei 12.846/13";"21/10/2019";"Sem informação";"Prefeitura Municipal Vitória (ES)";"6.450,82";
"32.447.500/0001-62";"evolucao comercio alimentacao ltda-me";"ES";"Multa - Lei 12.846/13";"01/06/2016";"Sem informação";"Governo do Estado do Espírito Santo (SECONT - Secretaria de Estado de Controle e Transparência)";"5.973,55";
"05.669.475/0001-99";"extrema eventos ltda";"ES";"Publicação Extraordinária - Lei 12.846/13";"11/10/2019";"Sem informação";"Governo do Estado do Espírito Santo (SECONT - Secretaria de Estado de Controle e Transparência)";"0,00";
"05.669.475/0001-99";"extrema eventos ltda";"ES";"Multa - Lei 12.846/13";"11/10/2019";"Sem informação";"Governo do Estado do Espírito Santo (SECONT - Secretaria de Estado de Controle e Transparência)";"45.704,10";
"26.651.031/0001-04";"f c matos palhano oliveira - me";"MA";"Multa - Lei 12.846/13";"28/11/2019";"28/11/2021";"Secretario de Estado de Indústria, Comércio e Energia - SEINC/MA";"543,08";
"08.436.083/0001-78";"f. schneiderolmi-me";"RJ";"Multa - Lei 12.846/13";"25/02/2019";"Sem informação";"PREFEITURA MUNICIPAL DE RIO DAS OSTRAS - RJ";"1.071,04";
"10.900.587/0001-49";"f.andrade transportes e locacao ltda";"PE";"Publicação Extraordinária - Lei 12.846/13";"27/09/2019";"27/09/2020";"EMPRESA BRASILEIRA DE CORREIOS E TELÉGRAFOS";"0,00";
"10.900.587/0001-49";"f.andrade transportes e locacao ltda";"PE";"Multa - Lei 12.846/13";"27/09/2019";"27/09/2020";"EMPRESA BRASILEIRA DE CORREIOS E TELÉGRAFOS";"706.133,21";
"04.249.145/0001-81";"fanton servicos ltda epp";"ES";"Multa - Lei 12.846/13";"07/12/2018";"Sem informação";"Governo do Estado do Espírito Santo (SECONT - Secretaria de Estado de Controle e Transparência)";"30.000,00";
"01.870.071/0001-08";"fetterolf do brasil comercio e industria de valvulas ltda";"SP";"Multa - Lei 12.846/13";"29/05/2018";"Sem informação";"Petróleo Brasileiro S.A.";"479.919,04";
"19.721.072/0001-56";"fox eletronica eireli";"BA";"Multa - Lei 12.846/13";"23/07/2020";"Sem informação";"BANCO CENTRAL DO BRASIL";"13.672,73";
"39.343.199/0001-96";"friosmil refrigeracao e transportes ltda";"ES";"Publicação Extraordinária - Lei 12.846/13";"29/10/2018";"Sem informação";"Governo do Estado do Espírito Santo (SECONT - Secretaria de Estado de Controle e Transparência)";"0,00";
"04.654.218/0001-10";"full log transportes ltda";"MG";"Multa - Lei 12.846/13";"13/02/2019";"Sem informação";"EMPRESA BRASILEIRA DE CORREIOS E TELÉGRAFOS";"171.739,81";
"27.707.061/0001-40";"g-rio comercio e servicos eirelli ";"RJ";"Multa - Lei 12.846/13";"15/02/2019";"Sem informação";"PREFEITURA MUNICIPAL DE RIO DAS OSTRAS - RJ";"4.859,23";
"07.355.284/0001-88";"geraldo a. das chagas";"ES";"Multa - Lei 12.846/13";"08/11/2019";"Sem informação";"Prefeitura Municipal de Colatina (ES)";"1,00";
"04.059.685/0001-00";"graftec grafica e editora ltda";"SP";"Multa - Lei 12.846/13";"19/08/2016";"Sem informação";"Secretaria Municipal de Justiça - Prefeitura de São Paulo (SP)";"74.414,45";
"04.059.685/0001-00";"graftec grafica e editora ltda";"SP";"Publicação Extraordinária - Lei 12.846/13";"19/08/2016";"Sem informação";"Secretaria Municipal de Justiça - Prefeitura de São Paulo (SP)";"0,00";
"05.249.155/0001-80";"greide construcao e pavimentacao ltda - epp ";"MG";"Multa - Lei 12.846/13";"29/03/2019";"Sem informação";"PREFEITURA MUNICIPAL DE SANTA BARBARA - MG";"34.243,46";
"12.219.026/0001-04";"hlr engenharia ltda";"BA";"Multa - Lei 12.846/13";"29/08/2019";"Sem informação";"Petróleo Brasileiro S.A.";"25.766,76";
"05.676.532/0001-67";"ideal engenharia e servicos ltda  - me";"ES";"Multa - Lei 12.846/13";"27/08/2018";"Sem informação";"Petróleo Brasileiro S.A.";"6.425,42";
"11.044.624/0001-27";"igor fagury eventos - me";"SP";"Publicação Extraordinária - Lei 12.846/13";"28/03/2019";"Sem informação";"Controladoria-Geral do Município de São Paulo - SP";"0,00";
"11.044.624/0001-27";"igor fagury eventos - me";"SP";"Multa - Lei 12.846/13";"28/03/2019";"Sem informação";"Controladoria-Geral do Município de São Paulo - SP";"250.000,00";
"21.821.352/0001-88";"inova project service and automation ltda";"PE";"Multa - Lei 12.846/13";"25/07/2019";"Sem informação";"INSTITUTO FEDERAL DE EDUCAÇÃO, CIÊNCIA E TECNOLOGIA DE RONDÔNIA";"98.032,94";
"19.010.566/0001-22";"instituto esporte e vida";"SP";"Publicação Extraordinária - Lei 12.846/13";"28/01/2020";"Sem informação";"Controladoria-Geral do Município de São Paulo - SP";"0,00";
"19.010.566/0001-22";"instituto esporte e vida";"SP";"Multa - Lei 12.846/13";"28/01/2020";"Sem informação";"Controladoria-Geral do Município de São Paulo - SP";"461.590,00";
"***.366.368-**";"irineu ferreira";"SP";"Multa - Lei 12.846/13";"14/11/2018";"Sem informação";"Controladoria-Geral do Município de São Paulo - SP";"15.000,00";
"***.366.368-**";"irineu ferreira";"SP";"Publicação Extraordinária - Lei 12.846/13";"14/11/2018";"Sem informação";"Controladoria-Geral do Município de São Paulo - SP";"0,00";
"32.251.399/0001-70";"isdn consultoria e empreend de telecomunicacoes ltda";"RJ";"Multa - Lei 12.846/13";"16/03/2020";"Sem informação";"Petróleo Brasileiro S.A.";"81.856,57";
"32.251.399/0001-70";"isdn consultoria e empreend de telecomunicacoes ltda";"RJ";"Publicação Extraordinária - Lei 12.846/13";"16/03/2020";"Sem informação";"Petróleo Brasileiro S.A.";"0,00";
"03.240.946/0001-13";"isorel locacao e servicos ltda.";"BA";"Multa - Lei 12.846/13";"22/04/2019";"Sem informação";"Petróleo Brasileiro S.A.";"3.706.339,14";
"10.453.872/0001-69";"j c kohler engenharia eireli - epp";"PR";"Multa - Lei 12.846/13";"12/03/2018";"Sem informação";"EMPRESA BRASILEIRA DE CORREIOS E TELÉGRAFOS";"37.814,05";
"10.453.872/0001-69";"j c kohler engenharia eireli - epp";"PR";"Publicação Extraordinária - Lei 12.846/13";"12/03/2018";"Sem informação";"EMPRESA BRASILEIRA DE CORREIOS E TELÉGRAFOS";"0,00";
"02.236.769/0001-39";"j cruz servicos administrativos para terceiros ltda";"AM";"Multa - Lei 12.846/13";"03/10/2018";"Sem informação";"UNIVERSIDADE FEDERAL DO AMAZONAS";"19.868,74";
"09.183.119/0001-11";"j&l servicos de reparos e manutencoes ltda - me";"ES";"Multa - Lei 12.846/13";"19/04/2018";"Sem informação";"Governo do Estado do Espírito Santo (SECONT - Secretaria de Estado de Controle e Transparência)";"15.079,52";
"27.122.994/0001-75";"j.l.j. comercio e servicos eirelli-me";"ES";"Multa - Lei 12.846/13";"23/07/2019";"Sem informação";"PREFEITURA MUNICIPAL DE RIO DAS OSTRAS - RJ";"4.009,36";
"13.197.596/0001-03";"jbf engenheiros & arquitetos associados ltda";"SP";"Multa - Lei 12.846/13";"06/04/2020";"07/04/2025";"BANCO DO BRASIL S.A.";"182.000,00";
"13.197.596/0001-03";"jbf engenheiros & arquitetos associados ltda";"SP";"Publicação Extraordinária - Lei 12.846/13";"06/04/2020";"07/04/2025";"BANCO DO BRASIL S.A.";"0,00";
"21.099.250/0001-09";"jequinutri nutricao animal ltda - me";"MG";"Multa - Lei 12.846/13";"27/08/2018";"Sem informação";"Universidade Federal Rual de Pernambuco";"11.087,50";
"45.993.086/0001-39";"jj producoes e cobrancas ltda";"SP";"Multa - Lei 12.846/13";"12/12/2018";"Sem informação";"Controladoria-Geral do Município de São Paulo - SP";"74.563,60";
"***.028.418-**";"jose roberto raimondo";"SP";"Proibição - Lei 12.846/13";"12/05/2018";"12/05/2021";"Governo do Estado de Mato Grosso do Sul";"0,00";
"05.129.178/0001-50";"jpm comercio atacadista eireli";"MS";"Multa - Lei 12.846/13";"13/05/2019";"Sem informação";"Governo do Estado de Mato Grosso do Sul";"9.102,27";
"24.777.079/0001-20";"ksm engenharia ltda - me";"PR";"Publicação Extraordinária - Lei 12.846/13";"31/01/2018";"Sem informação";"EMPRESA BRASILEIRA DE CORREIOS E TELÉGRAFOS";"0,00";
"24.777.079/0001-20";"ksm engenharia ltda - me";"PR";"Multa - Lei 12.846/13";"31/01/2018";"Sem informação";"EMPRESA BRASILEIRA DE CORREIOS E TELÉGRAFOS";"159,00";
"03.770.977/0001-86";"l.s. pimentel ltda-me";"RJ";"Multa - Lei 12.846/13";"23/07/2019";"Sem informação";"PREFEITURA MUNICIPAL DE RIO DAS OSTRAS - RJ";"359.290,40";
"05.276.664/0001-00";"lbs terceirizacao de mao de obra ltda.";"ES";"Multa - Lei 12.846/13";"30/07/2018";"Sem informação";"Governo do Estado do Espírito Santo (SECONT - Secretaria de Estado de Controle e Transparência)";"213.228,64";
"08.773.745/0001-03";"ludcan comercio de artefatos de cimento e material de construcao ltda";"RJ";"Multa - Lei 12.846/13";"18/04/2019";"Sem informação";"PREFEITURA MUNICIPAL DE RIO DAS OSTRAS - RJ";"299,00";
"08.773.745/0001-03";"ludcan comercio de artefatos de cimento e material de ocnstrucao ltda";"RJ";"Multa - Lei 12.846/13";"19/03/2019";"Sem informação";"PREFEITURA MUNICIPAL DE RIO DAS OSTRAS - RJ";"223,25";
"08.836.146/0001-83";"luza servicos e comercio eirelli me";"RJ";"Multa - Lei 12.846/13";"25/03/2019";"Sem informação";"PREFEITURA MUNICIPAL DE RIO DAS OSTRAS - RJ";"663,75";
"06.067.345/0001-49";"lv distribuidora de materiais ltda";"RJ";"Multa - Lei 12.846/13";"01/04/2015";"Sem informação";"PREFEITURA MUNICIPAL DE RIO DAS OSTRAS - RJ";"39.760,17";
"03.609.172/0001-55";"m v m etiquetas ltda";"CE";"Multa - Lei 12.846/13";"07/11/2019";"Sem informação";"EMPRESA BRASILEIRA DE CORREIOS E TELÉGRAFOS";"59.604,96";
"03.609.172/0001-55";"m v m etiquetas ltda";"CE";"Publicação Extraordinária - Lei 12.846/13";"07/11/2019";"Sem informação";"EMPRESA BRASILEIRA DE CORREIOS E TELÉGRAFOS";"0,00";
"18.218.614/0001-00";"m&m construcao ltda";"CE";"Suspensão/Interdição das atividades - Lei 12.846/13";"24/05/2019";"Sem informação";"Justiça Federal da Paraíba";"0,00";
"12.509.616/0001-71";"m. l. elias comercio e servicos graficos";"RJ";"Multa - Lei 12.846/13";"27/09/2019";"27/09/2020";"EMPRESA BRASILEIRA DE CORREIOS E TELÉGRAFOS";"6.713,77";
"12.509.616/0001-71";"m. l. elias comercio e servicos graficos";"RJ";"Publicação Extraordinária - Lei 12.846/13";"27/09/2019";"27/09/2020";"EMPRESA BRASILEIRA DE CORREIOS E TELÉGRAFOS";"0,00";
"81.120.842/0001-89";"m.s.b industria e comercio ltda.";"PR";"Publicação Extraordinária - Lei 12.846/13";"11/03/2020";"Sem informação";"Petróleo Brasileiro S.A.";"0,00";
"81.120.842/0001-89";"m.s.b industria e comercio ltda.";"PR";"Multa - Lei 12.846/13";"11/03/2020";"Sem informação";"Petróleo Brasileiro S.A.";"797.980,25";
"08.822.338/0001-30";"manaca producoes e empreendimentos culturais ltda - me";"SP";"Publicação Extraordinária - Lei 12.846/13";"26/06/2019";"Sem informação";"Controladoria-Geral do Município de São Paulo - SP";"0,00";
"08.822.338/0001-30";"manaca producoes e empreendimentos culturais ltda - me";"SP";"Multa - Lei 12.846/13";"26/06/2019";"Sem informação";"Controladoria-Geral do Município de São Paulo - SP";"90.000,00";
"08.784.021/0001-57";"maria carolina coimbra de andrade - me";"SP";"Publicação Extraordinária - Lei 12.846/13";"02/07/2019";"Sem informação";"Controladoria-Geral do Município de São Paulo - SP";"0,00";
"08.784.021/0001-57";"maria carolina coimbra de andrade - me";"SP";"Multa - Lei 12.846/13";"02/07/2019";"Sem informação";"Controladoria-Geral do Município de São Paulo - SP";"43.740,00";
"13.994.345/0001-50";"mayanne thayara de araujo cruz";"AM";"Multa - Lei 12.846/13";"24/07/2019";"Sem informação";"UNIVERSIDADE FEDERAL DO AMAZONAS";"7.581,25";
"59.586.404/0001-51";"mazetto sociedade de advogados";"SP";"Publicação Extraordinária - Lei 12.846/13";"26/06/2019";"Sem informação";"Controladoria-Geral do Município de São Paulo - SP";"0,00";
"59.586.404/0001-51";"mazetto sociedade de advogados";"SP";"Multa - Lei 12.846/13";"26/06/2019";"Sem informação";"Controladoria-Geral do Município de São Paulo - SP";"267.568,35";
"08.780.160/0001-02";"melf construcao eireli-me";"PB";"Suspensão/Interdição das atividades - Lei 12.846/13";"24/05/2019";"Sem informação";"Justiça Federal da Paraíba";"0,00";
"13.898.616/0001-73";"metalurgica flex fitness ltda";"SP";"Publicação Extraordinária - Lei 12.846/13";"11/10/2017";"Sem informação";"CONTROLADORIA  GERAL DO ESTADO DE MINAS GERAIS - MG";"0,00";
"13.898.616/0001-73";"metalurgica flex fitness ltda";"SP";"Multa - Lei 12.846/13";"11/10/2017";"Sem informação";"CONTROLADORIA  GERAL DO ESTADO DE MINAS GERAIS - MG";"608.016,54";
"08.262.285/0001-40";"midiamental producoes artisticas ltda-me (atual tages producoes artisticas eireli-me)";"SP";"Multa - Lei 12.846/13";"23/10/2018";"Sem informação";"Controladoria-Geral do Município de São Paulo - SP";"30.649,21";
"08.262.285/0001-40";"midiamental producoes artisticas ltda-me (atual tages producoes artisticas eireli-me)";"SP";"Publicação Extraordinária - Lei 12.846/13";"23/10/2018";"Sem informação";"Controladoria-Geral do Município de São Paulo - SP";"0,00";
"20.456.424/0001-72";"mix comercio e servicos eireli-epp";"ES";"Multa - Lei 12.846/13";"23/10/2019";"Sem informação";"Prefeitura Municipal Vitória (ES)";"21.105,64";
"07.487.504/0001-27";"moura e moura informatica e empreendimento ltda";"ES";"Multa - Lei 12.846/13";"04/06/2019";"Sem informação";"PREFEITURA MUNICIPAL DE RIO DAS OSTRAS - RJ";"7.917,00";
"10.754.758/0001-79";"mpt comercial e marketing eirelli epp";"RJ";"Multa - Lei 12.846/13";"18/04/2019";"Sem informação";"PREFEITURA MUNICIPAL DE RIO DAS OSTRAS - RJ";"1.919,00";
"11.862.351/0001-28";"mult construcoes eireli - epp";"BA";"Multa - Lei 12.846/13";"19/07/2019";"Sem informação";"UNIVERSIDADE FEDERAL DA BAHIA";"5.864,85";
"01.552.979/0001-73";"multiservice empreendimentos e participacoes ltda";"ES";"Publicação Extraordinária - Lei 12.846/13";"11/10/2019";"Sem informação";"Governo do Estado do Espírito Santo (SECONT - Secretaria de Estado de Controle e Transparência)";"0,00";
"01.552.979/0001-73";"multiservice empreendimentos e participacoes ltda";"ES";"Multa - Lei 12.846/13";"11/10/2019";"Sem informação";"Governo do Estado do Espírito Santo (SECONT - Secretaria de Estado de Controle e Transparência)";"145.873,40";
"55.054.860/0001-08";"mx producoes e cobrancas ltda";"SP";"Multa - Lei 12.846/13";"12/12/2018";"Sem informação";"Controladoria-Geral do Município de São Paulo - SP";"6.000,00";
"20.800.022/0001-43";"nativa comercial eirele - epp";"RJ";"Multa - Lei 12.846/13";"13/02/2019";"13/08/2020";"EMPRESA BRASILEIRA DE CORREIOS E TELÉGRAFOS";"77.022,02";
"20.800.022/0001-43";"nativa comercial eirele - epp";"RJ";"Publicação Extraordinária - Lei 12.846/13";"13/02/2019";"13/08/2020";"EMPRESA BRASILEIRA DE CORREIOS E TELÉGRAFOS";"0,00";
"05.887.094/0001-86";"norte eventos s/s ltda";"ES";"Multa - Lei 12.846/13";"11/10/2019";"Sem informação";"Governo do Estado do Espírito Santo (SECONT - Secretaria de Estado de Controle e Transparência)";"72.936,70";
"05.887.094/0001-86";"norte eventos s/s ltda";"ES";"Publicação Extraordinária - Lei 12.846/13";"11/10/2019";"Sem informação";"Governo do Estado do Espírito Santo (SECONT - Secretaria de Estado de Controle e Transparência)";"0,00";
"08.173.123/0001-36";"organica brasil comercial eireli";"GO";"Multa - Lei 12.846/13";"07/05/2020";"Sem informação";"SECRETARIA DA SAUDE DO ESTADO DO TOCANTINS - TO";"264.852,00";
"08.173.123/0001-36";"organica brasil comercial eireli";"GO";"Multa - Lei 12.846/13";"07/05/2020";"Sem informação";"SECRETARIA DA SAUDE DO ESTADO DO TOCANTINS - TO";"14.346,00";
"12.711.422/0001-54";"p e l servicos e construcoes ltda - me";"BA";"Multa - Lei 12.846/13";"28/08/2018";"Sem informação";"BANCO DO BRASIL S.A.";"85.938,38";
"12.711.422/0001-54";"p e l servicos e construcoes ltda - me";"BA";"Publicação Extraordinária - Lei 12.846/13";"28/08/2018";"Sem informação";"BANCO DO BRASIL S.A.";"0,00";
"08.235.458/0001-31";"pefran materiais para construcao ltda - me";"BA";"Publicação Extraordinária - Lei 12.846/13";"28/08/2018";"Sem informação";"BANCO DO BRASIL S.A.";"0,00";
"08.235.458/0001-31";"pefran materiais para construcao ltda - me";"BA";"Multa - Lei 12.846/13";"28/08/2018";"Sem informação";"BANCO DO BRASIL S.A.";"10.000,00";
"08.729.407/0001-66";"perc construcoes e incorporacoes ltda-epp";"ES";"Multa - Lei 12.846/13";"05/06/2019";"Sem informação";"Governo do Estado do Espírito Santo (SECONT - Secretaria de Estado de Controle e Transparência)";"201.616,63";
"07.767.450/0001-53";"petrodesign engenharia ltda - epp";"BA";"Multa - Lei 12.846/13";"29/08/2019";"Sem informação";"Petróleo Brasileiro S.A.";"1.463.416,69";
"11.767.402/0001-32";"poggere construcoes e implementos ltda epp";"SC";"Multa - Lei 12.846/13";"09/08/2019";"Sem informação";"PREFEITURA MUNICIPAL DE CAPINZAL - SC";"79.061,89";
"00.904.951/0001-95";"policard systems e servicos s.a.";"MG";"Publicação Extraordinária - Lei 12.846/13";"09/04/2019";"Sem informação";"Controladoria-Geral do Estado de Minas Gerais";"0,00";
"00.904.951/0001-95";"policard systems e servicos s.a.";"MG";"Multa - Lei 12.846/13";"09/04/2019";"Sem informação";"Controladoria-Geral do Estado de Minas Gerais";"325.623,92";
"07.757.951/0001-59";"pp comercio e servicos ltda.";"PR";"Multa - Lei 12.846/13";"11/03/2020";"Sem informação";"Petróleo Brasileiro S.A.";"51.410,99";
"07.757.951/0001-59";"pp comercio e servicos ltda.";"PR";"Publicação Extraordinária - Lei 12.846/13";"11/03/2020";"Sem informação";"Petróleo Brasileiro S.A.";"0,00";
"00.792.112/0001-22";"prestomar servicos maritimos ltda - epp";"RJ";"Multa - Lei 12.846/13";"04/05/2020";"Sem informação";"Agência Nacional de Vigilância Sanitária";"40.005,28";
"03.812.745/0001-43";"primetech informatica ltda-me";"RJ";"Multa - Lei 12.846/13";"18/07/2019";"Sem informação";"PREFEITURA MUNICIPAL DE RIO DAS OSTRAS - RJ";"2.800,00";
"17.335.279/0001-67";"projetos, assessoria e consultoria alves rodrigues eireli";"PA";"Publicação Extraordinária - Lei 12.846/13";"17/12/2019";"Sem informação";"BANCO DO BRASIL S.A.";"0,00";
"17.335.279/0001-67";"projetos, assessoria e consultoria alves rodrigues eireli";"PA";"Multa - Lei 12.846/13";"17/12/2019";"Sem informação";"BANCO DO BRASIL S.A.";"33.535,00";
"13.406.440/0001-95";"protec terceirizacoes e servicos eireli";"RO";"Multa - Lei 12.846/13";"25/07/2019";"Sem informação";"INSTITUTO FEDERAL DE EDUCAÇÃO, CIÊNCIA E TECNOLOGIA DE RONDÔNIA";"120.745,39";
"08.219.178/0001-30";"psg do brasil ltda";"ES";"Multa - Lei 12.846/13";"03/01/2018";"Sem informação";"Petróleo Brasileiro S.A.";"858.824,94";
"21.545.589/0001-83";"r & b produtos e servicos ltda";"ES";"Multa - Lei 12.846/13";"18/12/2019";"Sem informação";"BANCO DO BRASIL S.A.";"23.844,11";
"24.602.657/0001-97";"ralic cmercio e distribuicao eirelli-epp";"RJ";"Multa - Lei 12.846/13";"14/11/2019";"Sem informação";"PREFEITURA MUNICIPAL DE RIO DAS OSTRAS - RJ";"1.221,17";
"09.580.535/0001-53";"rblm engenharia ltda - epp";"BA";"Multa - Lei 12.846/13";"19/04/2019";"Sem informação";"Petróleo Brasileiro S.A.";"1.000.282,50";
"05.954.865/0001-00";"real bramar comercio e sevicos ltda-me";"RJ";"Multa - Lei 12.846/13";"22/01/2019";"Sem informação";"PREFEITURA MUNICIPAL DE RIO DAS OSTRAS - RJ";"2.958,00";
"13.288.025/0001-84";"rede seg grafica e editora ltda";"SP";"Publicação Extraordinária - Lei 12.846/13";"19/08/2016";"Sem informação";"Secretaria Municipal de Justiça - Prefeitura de São Paulo (SP)";"0,00";
"13.288.025/0001-84";"rede seg grafica e editora ltda";"SP";"Multa - Lei 12.846/13";"19/08/2016";"Sem informação";"Secretaria Municipal de Justiça - Prefeitura de São Paulo (SP)";"651.712,62";
"04.355.831/0001-37";"restaurante ponto do criador ltda - me";"ES";"Publicação Extraordinária - Lei 12.846/13";"11/10/2019";"Sem informação";"Governo do Estado do Espírito Santo (SECONT - Secretaria de Estado de Controle e Transparência)";"0,00";
"04.355.831/0001-37";"restaurante ponto do criador ltda - me";"ES";"Multa - Lei 12.846/13";"11/10/2019";"Sem informação";"Governo do Estado do Espírito Santo (SECONT - Secretaria de Estado de Controle e Transparência)";"147.900,30";
"45.992.005/0001-86";"reynold's producoes eireli - me";"SP";"Publicação Extraordinária - Lei 12.846/13";"12/12/2018";"Sem informação";"Controladoria-Geral do Município de São Paulo - SP";"0,00";
"45.992.005/0001-86";"reynold's producoes eireli - me";"SP";"Multa - Lei 12.846/13";"12/12/2018";"Sem informação";"Controladoria-Geral do Município de São Paulo - SP";"6.000,00";
"08.350.394/0001-10";"rgb midia & grafica eireli";"SP";"Multa - Lei 12.846/13";"19/08/2016";"Sem informação";"Secretaria Municipal de Justiça - Prefeitura de São Paulo (SP)";"42.219,18";
"08.350.394/0001-10";"rgb midia & grafica eireli";"SP";"Publicação Extraordinária - Lei 12.846/13";"19/08/2016";"Sem informação";"Secretaria Municipal de Justiça - Prefeitura de São Paulo (SP)";"0,00";
"***.399.765-**";"roberto borges amaral";"SP";"Publicação Extraordinária - Lei 12.846/13";"08/02/2019";"Sem informação";"Controladoria-Geral do Município de São Paulo - SP";"0,00";
"***.399.765-**";"roberto borges amaral";"SP";"Multa - Lei 12.846/13";"08/02/2019";"Sem informação";"Controladoria-Geral do Município de São Paulo - SP";"150.000,00";
"***.802.138-**";"rodrigo zanardo";"SP";"Multa - Lei 12.846/13";"19/08/2016";"Sem informação";"Secretaria Municipal de Justiça - Prefeitura de São Paulo (SP)";"74.414,45";
"***.399.435-**";"rogerio adriano candido";"SP";"Multa - Lei 12.846/13";"08/02/2019";"Sem informação";"Controladoria-Geral do Município de São Paulo - SP";"150.000,00";
"***.399.435-**";"rogerio adriano candido";"SP";"Publicação Extraordinária - Lei 12.846/13";"08/02/2019";"Sem informação";"Controladoria-Geral do Município de São Paulo - SP";"0,00";
"***.358.408-**";"rogerio zanardo";"SP";"Multa - Lei 12.846/13";"19/08/2016";"Sem informação";"Secretaria Municipal de Justiça - Prefeitura de São Paulo (SP)";"768.346,25";
"***.352.868-**";"ronaldo viana martins carvalho";"SP";"Multa - Lei 12.846/13";"29/01/2019";"Sem informação";"Controladoria-Geral do Município de São Paulo - SP";"30.000,00";
"***.352.868-**";"ronaldo viana martins carvalho";"SP";"Publicação Extraordinária - Lei 12.846/13";"28/01/2019";"Sem informação";"Controladoria-Geral do Município de São Paulo - SP";"0,00";
"***.352.868-**";"ronaldo viana martins carvalho";"SP";"Multa - Lei 12.846/13";"28/01/2019";"Sem informação";"Controladoria-Geral do Município de São Paulo - SP";"30.000,00";
"***.352.868-**";"ronaldo viana martins carvalho";"SP";"Publicação Extraordinária - Lei 12.846/13";"26/12/2018";"Sem informação";"Controladoria-Geral do Município de São Paulo - SP";"0,00";
"***.352.868-**";"ronaldo viana martins carvalho";"SP";"Multa - Lei 12.846/13";"26/12/2018";"Sem informação";"Controladoria-Geral do Município de São Paulo - SP";"30.000,00";
"***.352.868-**";"ronaldo viana martins carvalho";"SP";"Publicação Extraordinária - Lei 12.846/13";"29/01/2019";"Sem informação";"Controladoria-Geral do Município de São Paulo - SP";"0,00";
"97.544.368/0001-52";"rrg construtora e servicos ltda-me";"ES";"Multa - Lei 12.846/13";"05/06/2019";"Sem informação";"Governo do Estado do Espírito Santo (SECONT - Secretaria de Estado de Controle e Transparência)";"40.295,16";
"09.454.122/0001-22";"rucks wireles inc";"Sem Informação";"Publicação Extraordinária - Lei 12.846/13";"13/11/2018";"Sem informação";"Governo do Estado do Espírito Santo (SECONT - Secretaria de Estado de Controle e Transparência)";"0,00";
"11.916.511/0001-74";"s ferreira negocios e servicos me";"ES";"Multa - Lei 12.846/13";"31/10/2016";"Sem informação";"Governo do Estado do Espírito Santo (SECONT - Secretaria de Estado de Controle e Transparência)";"18.768,02";
"20.520.956/0001-21";"s.e. costa informatica-me";"ES";"Multa - Lei 12.846/13";"07/03/2019";"Sem informação";"Governo do Estado do Espírito Santo (SECONT - Secretaria de Estado de Controle e Transparência)";"10.452,50";
"07.406.337/0001-42";"salutaris - pesquisa, consultoria e gestao em saude ltda-me";"ES";"Multa - Lei 12.846/13";"19/02/2019";"Sem informação";"Governo do Estado do Espírito Santo (SECONT - Secretaria de Estado de Controle e Transparência)";"20.000,00";
"04.645.384/0001-50";"serra norte comercio e representacoes eirelli epp";"PR";"Multa - Lei 12.846/13";"24/04/2019";"Sem informação";"PREFEITURA MUNICIPAL DE RIO DAS OSTRAS - RJ";"853,20";
"***.584.228-**";"severino jose mafaldo";"SP";"Multa - Lei 12.846/13";"29/01/2019";"Sem informação";"Controladoria-Geral do Município de São Paulo - SP";"30.000,00";
"***.584.228-**";"severino jose mafaldo";"SP";"Publicação Extraordinária - Lei 12.846/13";"29/01/2019";"Sem informação";"Controladoria-Geral do Município de São Paulo - SP";"0,00";
"***.584.228-**";"severino jose mafaldo";"SP";"Multa - Lei 12.846/13";"26/12/2018";"Sem informação";"Controladoria-Geral do Município de São Paulo - SP";"30.000,00";
"***.584.228-**";"severino jose mafaldo";"SP";"Publicação Extraordinária - Lei 12.846/13";"26/12/2018";"Sem informação";"Controladoria-Geral do Município de São Paulo - SP";"0,00";
"***.584.228-**";"severino jose mafaldo";"SP";"Publicação Extraordinária - Lei 12.846/13";"28/01/2019";"Sem informação";"Controladoria-Geral do Município de São Paulo - SP";"0,00";
"***.584.228-**";"severino jose mafaldo";"SP";"Multa - Lei 12.846/13";"28/01/2019";"Sem informação";"Controladoria-Geral do Município de São Paulo - SP";"30.000,00";
"07.344.844/0001-07";"silva e saldanha ltda";"PA";"Multa - Lei 12.846/13";"16/01/2018";"Sem informação";"Tribunal de Justiça do Estado do Pará (TJPA)";"139.138,04";
"07.344.844/0001-07";"silva e saldanha ltda";"PA";"Multa - Lei 12.846/13";"26/02/2018";"Sem informação";"Tribunal de Justiça do Estado do Pará (TJPA)";"87.468,22";
"24.865.859/0001-21";"so montes drogaria ltda";"GO";"Suspensão/Interdição das atividades - Lei 12.846/13";"17/09/2019";"16/09/2020";"Ministério Público da União (MPU)";"0,00";
"10.713.005/0001-15";"soul clean comercio e servicos ltda";"ES";"Multa - Lei 12.846/13";"28/11/2018";"Sem informação";"Governo do Estado do Espírito Santo (SECONT - Secretaria de Estado de Controle e Transparência)";"25.000,00";
"01.727.849/0001-24";"spaco moveis corporativos ltda-me";"ES";"Multa - Lei 12.846/13";"07/12/2018";"Sem informação";"Governo do Estado do Espírito Santo (SECONT - Secretaria de Estado de Controle e Transparência)";"5.596,61";
"68.062.363/0001-95";"starcom comercio e reparacao e manutencao de modulos e equipamentos perifericos ltda";"SP";"Multa - Lei 12.846/13";"19/09/2019";"Sem informação";"BANCO DO BRASIL S.A.";"58.160,82";
"86.778.966/0001-70";"start-engenharia de comissionamento e manutencao ltda";"BA";"Publicação Extraordinária - Lei 12.846/13";"14/08/2019";"Sem informação";"Petróleo Brasileiro S.A.";"0,00";
"86.778.966/0001-70";"start-engenharia de comissionamento e manutencao ltda";"BA";"Multa - Lei 12.846/13";"14/08/2019";"Sem informação";"Petróleo Brasileiro S.A.";"12.281,37";
"10.699.386/0001-25";"tec light industria e comercio de reatores eireli";"ES";"Multa - Lei 12.846/13";"22/11/2019";"Sem informação";"Prefeitura Municipal de Colatina (ES)";"1,00";
"19.026.321/0001-93";"techway instalacoes e manutencao predial eireli";"SP";"Multa - Lei 12.846/13";"15/08/2019";"15/08/2020";"EMPRESA BRASILEIRA DE CORREIOS E TELÉGRAFOS";"261.875,66";
"19.026.321/0001-93";"techway instalacoes e manutencao predial eireli";"SP";"Publicação Extraordinária - Lei 12.846/13";"15/08/2019";"15/08/2020";"EMPRESA BRASILEIRA DE CORREIOS E TELÉGRAFOS";"0,00";
"04.741.904/0001-29";"tecnica tecnologia e servicos ltda-epp";"ES";"Multa - Lei 12.846/13";"04/04/2017";"Sem informação";"Governo do Estado do Espírito Santo (SECONT - Secretaria de Estado de Controle e Transparência)";"14.421,42";
"29.167.442/0003-70";"terrapleno terraplenagem e construcao ltda";"RJ";"Multa - Lei 12.846/13";"06/06/2019";"Sem informação";"PREFEITURA MUNICIPAL DE RIO DAS OSTRAS - RJ";"108.826,24";
"00.100.408/0001-35";"tfi do brasil comercial e importadora ltda";"RJ";"Multa - Lei 12.846/13";"15/05/2020";"Sem informação";"Petróleo Brasileiro S.A.";"70.295,79";
"00.100.408/0001-35";"tfi do brasil comercial e importadora ltda";"RJ";"Publicação Extraordinária - Lei 12.846/13";"15/05/2020";"Sem informação";"Petróleo Brasileiro S.A.";"0,00";
"11.491.547/0001-53";"thn fabricacao de auto pecas brasil s.a.";"SP";"Multa - Lei 12.846/13";"08/10/2018";"Sem informação";"Receita Federal do Brasil";"552.000,00";
"21.891.781/0001-21";"tribao comercio e servicos eirelli me";"RJ";"Multa - Lei 12.846/13";"15/04/2019";"Sem informação";"PREFEITURA MUNICIPAL DE RIO DAS OSTRAS - RJ";"729,39";
"21.891.781/0001-21";"tribao comercio e servicos eirelli-me";"RJ";"Multa - Lei 12.846/13";"18/07/2019";"Sem informação";"PREFEITURA MUNICIPAL DE RIO DAS OSTRAS - RJ";"400,00";
"21.891.781/0001-21";"tribao comercio e servicos eirelli-me";"RJ";"Multa - Lei 12.846/13";"17/04/2019";"Sem informação";"PREFEITURA MUNICIPAL DE RIO DAS OSTRAS - RJ";"653,13";
"39.299.359/0001-47";"unir negocios e servicos ltda";"ES";"Multa - Lei 12.846/13";"30/07/2018";"Sem informação";"Governo do Estado do Espírito Santo (SECONT - Secretaria de Estado de Controle e Transparência)";"238.908,87";
"14.292.067/0001-51";"urgon construtora ltda-epp";"ES";"Multa - Lei 12.846/13";"12/03/2019";"Sem informação";"Prefeitura Municipal de Cariacica (ES)";"29.552,33";
"14.292.067/0001-51";"urgon construtora ltda-epp";"ES";"Publicação Extraordinária - Lei 12.846/13";"12/03/2019";"Sem informação";"Prefeitura Municipal de Cariacica (ES)";"0,00";
"54.257.126/0001-75";"v w estruturas metalicas e eventos ltda me";"SP";"Proibição - Lei 12.846/13";"23/10/2019";"23/10/2024";"MUNICIPIO DE PONTAL";"0,00";
"15.707.659/0001-50";"ventana manutencao e servicos ltda. - epp";"PR";"Multa - Lei 12.846/13";"15/08/2016";"Sem informação";"Empresa Brasileira de Infra-Estrutura Aeroportuária - INFRAERO";"906.657,95";
"09.625.853/0001-93";"virtus administradora de servicos - eireli - me";"PE";"Multa - Lei 12.846/13";"01/09/2017";"Sem informação";"Universidade Federal Rual de Pernambuco";"911.238,91";
"17.363.537/0001-19";"vitedno servicos de cobrancas ltda";"SP";"Multa - Lei 12.846/13";"18/02/2020";"Sem informação";"BANCO DO BRASIL S.A.";"6.000,00";
"***.032.798-**";"vivaldo dias da silva";"SP";"Multa - Lei 12.846/13";"19/08/2016";"Sem informação";"Secretaria Municipal de Justiça - Prefeitura de São Paulo (SP)";"651.712,62";
"13.213.454/0001-92";"w a s consultoria agropecuaria eireli - me";"GO";"Multa - Lei 12.846/13";"17/10/2018";"Sem informação";"BANCO DO BRASIL S.A.";"102.277,23";
"13.213.454/0001-92";"w a s consultoria agropecuaria eireli - me";"GO";"Publicação Extraordinária - Lei 12.846/13";"17/10/2018";"Sem informação";"BANCO DO BRASIL S.A.";"0,00";
"18.165.087/0001-12";"willian de andrade bullerjanh-me";"ES";"Multa - Lei 12.846/13";"27/01/2016";"Sem informação";"Governo do Estado do Espírito Santo (SECONT - Secretaria de Estado de Controle e Transparência)";"6.000,00";
"21.345.805/0001-47";"wm construtora ltda - me";"PB";"Multa - Lei 12.846/13";"17/10/2018";"Sem informação";"BANCO DO BRASIL S.A.";"79.250,00";
"21.345.805/0001-47";"wm construtora ltda - me";"PB";"Publicação Extraordinária - Lei 12.846/13";"17/10/2018";"Sem informação";"BANCO DO BRASIL S.A.";"0,00";
"14.381.980/0001-24";"zad comercio e servicos ltda";"ES";"Multa - Lei 12.846/13";"08/06/2017";"Sem informação";"Governo do Estado do Espírito Santo (SECONT - Secretaria de Estado de Controle e Transparência)";"22.192,15";
